893_rank,album,artist,year,spotify_id,spotify_popularity,rs500_rank,spotify_rank
1,Nevermind,Nirvana,1991,2guirTSEqLizK7j9i1MTTZ,77,17,42
2,London Calling,The Clash,1979,6FCzvataOZh68j8OKzOt9a,69,8,172
3,Abbey Road,The Beatles,1969,0ETFjACtuP2ADo6LFhL6HN,76,14,57
4,Purple Rain,Prince,1984,,,76,
5,Dark Side of the Moon,Pink Floyd,1973,4LH4d3cOWNNsVw41Gqt2kv,76,43,56
6,OK Computer,Radiohead,1997,7dxKtc08dYeRVHt3p9CZJn,76,162,52
7,Blood on the Tracks,Bob Dylan,1975,4WD4pslu83FF6oMa1e19mF,65,16,249
8,The Rise and Fall of Ziggy Stardust and the Spiders from Mars,David Bowie,1972,0745mDdMqet9J5nO5x7IQS,62,35,324
9,The Beatles (The White Album),The Beatles,1968,1klALx0u4AavZNEvC4LrTL,75,10,70
10,The Joshua Tree,U2,1987,4mULDK6YXrFXTfSwvwm4M3,67,27,205
11,Kind of Blue,Miles Davis,1959,4sb0eMpDn3upAFfyi4q2rw,72,12,107
12,Revolver,The Beatles,1966,3PRoXYsngSwjEQWR5PsHWR,68,3,191
13,Rumours,Fleetwood Mac,1977,1bt6q2SruMsBtcerNVtpZB,74,26,79
14,Exile on Main St.,The Rolling Stones,1972,5U4dnRZsfW8NmwBBkELFPh,57,7,453
15,Pet Sounds,The Beach Boys,1966,6GphKx2QAPRoVGWE9D7ou8,70,2,151
16,Led Zeppelin IV,Led Zeppelin,1971,1Ugdi2OTxKopVVqsprp5pb,77,69,46
17,Thriller,Michael Jackson,1982,1C2h7mLntPSeVYciMRTF4a,81,20,14
18,Sgt. Pepper's Lonely Hearts Club Band,The Beatles,1967,6QaVfG1pHYl1z15ZxkvVDW,70,1,150
19,Ten,Pearl Jam,1991,5B4PYA7wNN4WdEXdIJu58a,78,,31
20,Let It Be,The Replacements,1984,4LwFCUyV4wM6SEg84PaLuL,51,241,595
21,Born to Run,Bruce Springsteen,1975,43YIoHKSrEw2GJsWmhZIpu,69,18,174
22,Yankee Hotel Foxtrot,Wilco,2001,0rPtXOMN42nsLDiShvGamv,64,493,265
23,Highway 61 Revisited,Bob Dylan,1965,6YabPKtZAjxwyWbuO9p4ZD,69,4,177
24,Rubber Soul,The Beatles,1965,50o7kf2wLwVmOTVYJOTplm,71,5,126
25,Graceland,Paul Simon,1986,6WgGWYw6XXQyLTsWt7tXky,73,71,90
26,Weezer (The Blue Album),Weezer,1994,33CmI2lR8PnQwz6133Mc7l,71,299,115
27,The Wall,Pink Floyd,1979,5Dbax7G8SWrP9xyzkOvy2F,78,87,33
28,Doolittle,Pixies,1989,6ymZBbRSmzAvoSGmwAFoxm,70,227,146
29,The Velvet Underground & Nico,The Velvet Underground,1967,1gGjSTfser1MPfowGiuy9l,57,13,456
30,Appetite for Destruction,Guns N' Roses,1987,5JKFiC2WVi9HtvJEm8CUB8,77,62,43
31,At Folsom Prison,Johnny Cash,1968,784THwrPRbheFoUMDEpWh8,64,88,277
32,Blonde on Blonde,Bob Dylan,1966,4NP1rhnsPdYpnyJP0p0k0L,62,9,329
33,Tim,The Replacements,1985,47arM25GJraK9aWEk4A1Ve,53,137,547
34,Tapestry,Carole King,1971,12n11cgnpjXKLeqrnIERoS,62,36,325
35,In The Aeroplane Over the Sea,Neutral Milk Hotel,1997,5COXoP5kj2DWfCDg0vxi4F,64,,267
36,Paul's Boutique,Beastie Boys,1989,4DfmPm17Nz6a60BlEpGGKU,53,156,542
37,Blue,Joni Mitchell,1971,1vz94WpXDVYIEGja8cjFNa,64,30,276
38,Kid A,Radiohead,2000,19RUXBFyM4PpmrLRdtqWbp,69,67,160
39,Songs in the Key of Life,Stevie Wonder,1976,2HVx2tiZnLX8xeaUthed1e,66,57,232
40,Sticky Fingers,The Rolling Stones,1971,29m6DinzdaD0OPqWKGyMdz,62,64,326
41,Hunky Dory,David Bowie,1971,0vypdDHTQsoVmVu8OgXEly,60,108,373
42,Funeral,Arcade Fire,2004,0aGwrXjKIfAMlj1vBYLtnR,66,151,220
43,Harvest,Neil Young,1972,,,82,
44,Are You Experienced,Jimi Hendrix,1967,7rSZXXHHvIhF4yUFdaOCy9,72,15,106
45,Is This It,The Strokes,2001,2k8KgmDp9oHrmu0MIj4XDE,72,199,97
46,Murmur,R.E.M.,1983,6N5Dxm9bMAsRah2tLX2AmK,38,197,805
47,"For Emma, Forever Ago",Bon Iver,2007,4SxFsOO0h4Nz3lFJuysKq5,77,,36
48,Wish You Were Here,Pink Floyd,1975,0bCAjiUamIFqKJsekOYuRw,71,211,122
49,Disintegration,The Cure,1989,6vQB3ZBxnQPP3jQcGV2qzg,59,326,394
50,Let It Bleed,The Rolling Stones,1969,4l4u9e9jSbotSXNjYfOugy,67,32,213
51,What's Going On,Marvin Gaye,1971,3P9Pzn7O4Zsr3tsCSsx7Uk,60,6,374
52,The Bends,Radiohead,1995,500FEaUzn8lN9zWFyZG5C2,72,111,98
53,Siamese Dream,The Smashing Pumpkins,1993,3YDm8Vu6IOjjVdLNHlJtj0,65,362,244
54,Who's Next,The Who,1971,5MqyhhHbT13zsloD3uHhlQ,61,28,351
55,Achtung Baby,U2,1991,0ta5VdkJcpdVnNrn7g4cZe,61,63,345
56,Led Zeppelin II,Led Zeppelin,1969,70lQYZtypdCALtFVlQAcvx,74,79,80
57,Physical Graffiti,Led Zeppelin,1975,1lZahjeu4AhPkg9JARZr5F,67,73,209
58,The Queen is Dead,The Smiths,1986,5Y0p2XCgRRIjna91aQE8q7,71,218,118
59,Licensed to Ill,Beastie Boys,1986,11oR0ZuqB3ucZwb5TGbZxb,69,219,169
60,Back to Black,Amy Winehouse,2006,097eYvf9NKjFnv4xA9s2oV,75,451,64
61,Back in Black,AC/DC,1980,6mUdeDZCsExyJLMdAfDuwh,80,77,24
62,Legend,Bob Marley and the Wailers,1984,7LTIGaDd37K9itS2I4FxKq,52,46,575
63,My Aim Is True,Elvis Costello,1977,1aucGNKimhgARC7iO2xLt2,52,168,579
64,Astral Weeks,Van Morrison,1968,4pG3bKkbmReDt5QTDn3JDz,63,19,302
65,Automatic for the People,R.E.M.,1992,0BiNb8HYR4JvuxUa31Z58Q,55,249,491
66,Bridge Over Troubled Water,Simon and Garfunkel,1970,0JwHz5SSvpYWuuCNbtYZoV,72,51,104
67,In Rainbows,Radiohead,2007,,,336,
68,Ramones,Ramones,1976,4X44NrhroDDaWXheAhcvYY,66,33,233
69,Elephant,The White Stripes,2003,0VXcqDD3sHdOIGtO6oYv3d,70,390,135
70,A Night at the Opera,Queen,1975,6X9k3hSsvQck2OfKYdBbXr,71,231,123
71,Grace,Jeff Buckley,1994,07Fr36M0hRPJrSJMFWGnvD,72,304,99
72,Dookie,Green Day,1994,4uG8q3GPuWHQlRbswMIRS6,79,193,28
73,The Freewheelin' Bob Dylan,Bob Dylan,1963,0o1uFxZ1VTviqvNaYkTJek,67,97,217
74,My Beautiful Dark Twisted Fantasy,Kanye West,2010,20r762YmB5HeofjMCiPMLv,80,353,17
75,Houses of the Holy,Led Zeppelin,1973,5phxHbK2GSr7hEu4orLywP,62,148,323
76,The Miseducation of Lauryn Hill,Lauryn Hill,1998,2Uc0HAF0Cj0LAgyzYZX5e3,75,314,67
77,Illinois,Sufjan Stevens,2005,7j8lfKDdL7vE8OAM4cA3W3,65,,237
78,Remain in Light,Talking Heads,1980,3AQgdwMNCiN7awXch5fAaG,59,129,397
79,The Suburbs,Arcade Fire,2010,7ywq1sBkcgkXsF3MduUPWi,57,,427
80,Violent Femmes,Violent Femmes,1983,2G9onFLGqlMJd1ThYf0vIB,65,,246
81,The Low End Theory,A Tribe Called Quest,1991,1p12OAWwudgMqfMzjMvl2a,70,153,144
82,A Love Supreme,John Coltrane,1965,7vJV707TYjyciSHp3lib2w,43,47,758
83,"Bon Iver, Bon Iver",Bon Iver,2011,1JlvIsP2f6ckoa62aN7kLn,75,,61
84,Moondance,Van Morrison,1970,5PfnCqRbdfIDMb1x3MPQam,65,66,252
85,Pleased to Meet Me,The Replacements,1987,2kTTz2kpR2AXtBmiIZEyyv,47,,683
86,Exile in Guyville,Liz Phair,1993,3DRlG4ezNna6WCi3uPGcDL,48,327,658
87,Odelay,Beck,1996,3VCaLNEZTCVRwB8fIpmuM7,57,306,435
88,Beggars Banquet,The Rolling Stones,1968,7oS7E5bFMzE8PXTZQKW0ge,63,58,303
89,American Beauty,The Grateful Dead,1970,2UDDZVesmQwA4aYfa55diS,53,261,560
90,Darkness on the Edge of Town,Bruce Springsteen,1978,4KT6G8fj8EEIfsyr75hbgc,58,150,419
91,Loveless,My Bloody Valentine,1991,3GH4IiI6jQAIvnHVdb5FB6,54,221,519
92,Goodbye Yellow Brick Road,Elton John,1973,6Gp6qSE1ywXCLjal5NUWUE,64,91,275
93,1999,Prince,1982,,,163,
94,Horses,Patti Smith,1975,7xg7u99lilTCPbaRfnYuy6,53,44,554
95,It Takes a Nation of Millions to Hold Us Back,Public Enemy,1988,03Mx6yaV7k4bsEmcTH8J49,50,48,614
96,Pretty Hate Machine,Nine Inch Nails,1989,3umFHeEpc4yLXtrRcv9gLN,56,,471
97,Give Up,The Postal Service,2003,19AxGebIDoa4PrkvuZ2ACZ,67,,200
98,Pinkerton,Weezer,1996,3jWhmYMAWw5NvHTTeiQtfl,59,,390
99,MTV Unplugged In New York,Nirvana,1994,1To7kv722A8SpZF789MZy7,70,313,142
100,The Doors,The Doors,1967,1jWmEhn3ggaL6isoyLfwBn,74,42,83
101,White Blood Cells,The White Stripes,2001,6ivqUxtSPTljd9Frfdyxbg,66,497,221
102,Stop Making Sense,Talking Heads,1984,4FR8Z6TvIsC56NLyNomNRE,60,345,366
103,Mellon Collie and the Infinite Sadness,The Smashing Pumpkins,1995,4bPT6Q8ppaSNppk1kbEbLl,76,,53
104,Master of Puppets,Metallica,1986,41bTjcSaiEe4G40RVVHbux,74,167,78
105,Sigh No More,Mumford & Sons,2009,7GiLJfRPHARQrRJf01P2Tt,76,,48
106,21,Adele,2011,1azUkThwd2HfUDdeNeT147,84,,4
107,Violator,Depeche Mode,1990,5g3Yi15plTSMaq6tYiuw8p,56,342,469
108,Electric Ladyland,Jimi Hendrix,1968,5z090LQztiqh13wYspQvKQ,74,55,82
109,(What's the Story) Morning Glory,Oasis,1995,6ozp33PI3p9AdddB6ZL3xQ,70,378,141
110,Sign O' The Times,Prince,1987,,,93,
111,Brothers,The Black Keys,2010,7qE6RXYyz5kj5Tll7mJU0v,74,,72
112,Rain Dogs,Tom Waits,1985,5bbb7E51zaDCuD85uLyFkK,49,399,639
113,Car Wheels on a Gravel Road,Lucinda Williams,1998,3iC6dJobZulVXp0F4Bojig,36,305,820
114,After the Goldrush,Neil Young,1970,,,74,
115,Never Mind the Bollocks,Sex Pistols,1977,5fxYu3rqjCNTSPKN8mtEl2,58,41,420
116,American Idiot,Green Day,2004,5dN7F9DV0Qg1XRdIgW8rke,80,225,22
117,Discovery,Daft Punk,2001,2noRn2Aes5aoNVsU6iWThc,77,,39
118,To Pimp a Butterfly,Kendrick Lamar,2015,7ycBtnsMtyVbbwTfJwRjSP,83,,6
119,Quadrophenia,The Who,1973,3wd3e4J1CVz9G48jUfLLlP,48,267,666
120,Blood Sugar Sex Magik,Red Hot Chili Peppers,1991,30Perjew8HyGkdSmqguYyg,78,310,32
121,Marquee Moon,Television,1977,630o1rKTDsLeIPreOY1jqP,54,130,526
122,The Colour and the Shape,Foo Fighters,1997,30ly6F6Xl0TKmyBCU50Khv,74,,74
123,Dummy,Portishead,1995,3539EbNgIdEDGBKkUf4wno,62,419,315
124,Unknown Pleasures,Joy Division,1979,0cbpcdI4UySacPh5RCpDfo,63,,294
125,Nebraska,Bruce Springsteen,1982,6yskFQZNlLYhkchAxELHi6,59,226,395
126,Pink Moon,Nick Drake,1972,7KyvfoQhqlNLPNb98yY0pf,59,321,400
127,Little Earthquakes,Tori Amos,1991,1pFUGy3ABpLRRE3oNMPbDb,46,,697
128,Bringing It All Back Home,Bob Dylan,1965,1lPoRKSgZHQAYXxzBsOQ7v,64,31,278
129,Zen Arcade,Hüsker Dü,1984,0J1DP5GvKrzWumwzlcFhLc,46,,701
130,Hounds of Love,Kate Bush,1985,,,,
131,Transatlanticism,Death Cab for Cutie,2003,5FJTVcpDFYqlo7vjjHEA9V,65,,238
132,In Utero,Nirvana,1994,6ohX7moZZnF1FwYrli1OJ6,68,435,185
133,War,U2,1983,6GaqU0TlYBKHUiSJ0AT9A2,53,223,548
134,At Fillmore East,The Allman Brothers Band,1971,4XF6xf8JKT2i24LJGVqqyj,48,49,669
135,Copper Blue,Sugar,1992,2MJGuraShzoUqqonCup43C,43,,750
136,Paranoid,Black Sabbath,1970,6r7LZXAVueS5DqdrvXJJK7,69,131,175
137,Boxer,The National,2007,3hvjTC9OSOrf6SFQmfqLNX,59,,382
138,Demon Days,Gorillaz,2005,0bUTHlWbkSQysoM3VsWldT,80,,21
139,Daydream Nation,Sonic Youth,1988,23O4F21GDWiGd33tFN3ZgI,53,328,543
140,The Band,The Band,1969,0nPrnmv6maJLLaPpy1cWGB,61,45,354
141,The Stone Roses,The Stone Roses,1989,0um9FI6BLBldL5POP4D4Cw,69,498,167
142,Moving Pictures,Rush,1981,2xg7iIKoSqaDNpDbJnyCjY,64,,272
143,Being There,Wilco,1996,4gy64TkuOWP2Uuu1DuDeZK,49,,634
144,Straight Outta Compton,N.W.A,1988,0Y7qkJVZ06tS2GUCDptzyW,63,144,289
145,The Cars,The Cars,1978,4tJPWT4r4FSKwy784Qs1Fq,65,284,247
146,#1 Record,Big Star,1972,1BumwwIEw1EC3xAHyf1ive,50,434,623
147,August and Everything After,Counting Crows,1993,4nKfZbCALT9H9LfedtDwnZ,69,,164
148,Flood,They Might Be Giants,1990,7FwAtuhhWivxvK4aPgyyUD,56,,470
149,High Violet,The National,2010,36VJqCEgUg3nj0Eyxtc1av,67,,194
150,Hot Fuss,The Killers,2004,4undIeGmofnAYKhnDclN1w,77,,37
151,Sound of Silver,LCD Soundsystem,2007,1R8kkopLT4IAxzMMkjic6X,67,395,196
152,Good News For People Who Love Bad News,Modest Mouse,2004,0TGTGuc2vXv6ZECoAf52N0,74,,73
153,Led Zeppelin III,Led Zeppelin,1970,1u5BsuBK45mLwrbqdASN3g,67,,211
154,Southeastern,Jason Isbell,2013,1bg476ZQn7hmcXaU05SHV4,61,,333
155,Fashion Nugget,Cake,1996,57lJNxlrPSin9SySEnerNb,66,,223
156,Either/Or,Elliott Smith,1997,1Od4S26RB37khls09dsUxL,64,,268
157,Illmatic,Nas,1994,3kEtdS2pH6hKcMU9Wioob1,71,402,116
158,Reckoning,R.E.M.,1984,1pSsHEkqT4hlvJWDBlpVKU,43,,752
159,This Year's Model,Elvis Costello,1978,0mUFefHSr0Ovi9vNcUGppt,48,98,663
160,Transformer,Lou Reed,1972,5SqbMEyAt8332ISGiLX0St,72,194,102
161,All Things Must Pass,George Harrison,1970,7I2wUjVsMFGVaJvchEzXSP,62,433,328
162,Pretenders,Pretenders,1980,6AFFu3ilmlEDz1I9ZaNOZw,47,155,686
163,Animals,Pink Floyd,1977,3b4E89rxzZQ9zkhgKpj8N4,60,,368
164,Q: Are We Not Men?  A: We Are Devo!,Devo,1978,1u2Qni8cVRptDTaA00fmBC,50,442,618
165,Loaded,The Velvet Underground,1970,4RMGrhJRnGiNqmKqhqpLlX,48,110,670
166,Court and Spark,Joni Mitchell,1974,2akjxkzFolkeV72Yyv5KrM,51,113,597
167,Double Nickels on the Dime,Minutemen,1984,5viZ5HyYtV0wafK7DoXmgF,54,413,523
168,Nothing's Shocking,Jane's Addiction,1988,4DVBJPJyizvHfJQt5pYaCa,57,312,443
169,Deja Vu,"Crosby, Stills, Nash and Young",1970,5bHkK1X4WEOzNvRhehvOcb,63,147,299
170,Life's Rich Pageant,R.E.M.,1986,5utjCgJfaqaOqfHGMzD9cB,45,,722
171,The Moon & Antarctica,Modest Mouse,2000,7qrnIySCks1I20KdsXxBxc,61,,339
172,Aja,Steely Dan,1977,51XjnQQ9SR8VSEpxPO9vrW,57,145,450
173,Axis: Bold as Love,Jimi Hendrix,1967,3uFZf8rykoHo7XMIQVYW6r,67,83,214
174,Jagged Little Pill,Alanis Morissette,1995,09AwlP99cHfKVNKv4FC8VW,61,,343
175,Play,Moby,1999,0t4ItMJbYMYLzvEO7tzt0B,45,341,712
176,Tommy,The Who,1969,5OISW6z3D02yCZn06mR1or,58,96,424
177,Metallica (The Black Album),Metallica,1991,37lWyRxkf3wQHCOlXM5WfX,82,255,10
178,The Clash,The Clash,1977,49kzgMsxHU5CTeb2XmFHjo,57,81,451
179,Midnight Marauders,A Tribe Called Quest,1993,4v5x3Oo3UjQ9YmF3hRAip5,69,,165
180,Document,R.E.M.,1987,6gMv3MgFlieOM6Uz5GZBzy,62,462,318
181,Tomorrow the Green Grass,The Jayhawks,1995,2tNdnAUaaomEEQIsc3Y7TC,40,,783
182,Low,David Bowie,1977,0Oqi3Mm316FRX5H9mHjF0b,60,251,369
183,Fun House,The Stooges,1970,32qXJnXgmrmGVyTXvwoi5L,32,191,835
184,The Head on the Door,The Cure,1985,6HhpmJekzDCRu2K64ZbWqw,51,,593
185,Electric Warrior,T. Rex,1971,6k1iylSzWOs7SgavxlJ8kt,56,160,474
186,Wildflowers,Tom Petty,1994,3ZGUBwDiY5HPOcWv4SBPQg,66,,226
187,Check Your Head,Beastie Boys,1992,0cXrT5A2aHEQEG0f1ZBS05,55,,492
188,Sound & Color,Alabama Shakes,2015,2IVZPDXb7LFbyukqaoWpYR,75,,58
189,The Kinks are the Village Green Preservation Society,The Kinks,1968,0MkJivXLu87uvEwVZxARQs,47,258,691
190,Neil Young,Everybody Knows this is Nowhere,1969,,,,
191,Yoshimi Battles the Pink Robots,The Flaming Lips,2002,49LA20VMk65fQyEaIzYdvf,63,,283
192,Odessey and Oracle,The Zombies,1968,7K6JtyaSSVr7HidQsCHun0,63,100,304
193,Rocket to Russia,Ramones,1977,7J4f5lG898uHHGVOpNzD2I,60,106,370
194,I Never Loved a Man the Way I Love You,Aretha Franklin,1967,5WndWfzGwCkHzAbQXVkg2V,65,84,256
195,Let It Be,The Beatles,1970,0jTGHV5xqHPvEcwL8f6YU5,72,392,105
196,Armed Forces,Elvis Costello,1979,3ZAHIjLdPoEmHGMCHtoMpq,43,475,753
197,Trace,Son Volt,1995,5secpXfB8n8zeDiA0l60K6,41,,771
198,Live From The Apollo,James Brown,1962,3vm6BtNvSuDOooTkFM54kP,28,25,844
199,Ill Communication,Beastie Boys,1994,6lfjbwFGzQ6aSNP1N3JlT8,67,,203
200,Surfer Rosa,Pixies,1988,2l7RPWC3E6eStJJLBsUeCI,66,317,230
201,The Unforgettable Fire,U2,1984,3FFosIE1A9HGRrinKTcBQ3,49,,641
202,Vs.,Pearl Jam,1994,3BSOiAas8BpJOii3kCPyjV,67,,204
203,Specials,The Specials,1979,3slMWt0RziAAsTyKO0v98W,53,,549
204,Music From Big Pink,The Band,1968,0nuPXgAXAfPmz9AW1PPrlk,65,34,255
205,Hollywood Town Hall,The Jayhawks,1992,4VbThnnKaZ94Z6DwKeG4Zm,33,,830
206,I and Love and You,The Avett Brothers,2009,2PPFtYUnnqMYflIEn3b7ON,67,,195
207,New Day Rising,Hüsker Dü,1985,2eOu9QDLP2MoO04ZtII2Vm,41,488,775
208,...And Out Come the Wolves,Rancid,1995,1HisV3ZKLs9It3KlGcPki5,66,,225
209,An Awesome Wave,Alt-J,2012,6k3vC8nep1BfqAIJ81L6OL,76,,47
210,Layla and Other Assorted Love Songs,Derek and the Dominos,1970,5iIWnMgvSM8uEBwXKsPcXM,55,117,501
211,"good kid, m.A.A.d city",Kendrick Lamar,2012,3DGQ1iZ9XKUQxAUWjfC34w,80,,15
212,Damn the Torpedoes,Tom Petty and the Heartbreakers,1979,708Whrc4abJEtqBINv9S2b,53,315,550
213,Sandinista!,The Clash,1980,2UxN3UKyS3Z5r0Sra8A5RF,57,407,448
214,Time Out,Dave Brubeck Quartet,1959,0nTTEAhCZsbbeplyDMIFuA,47,,692
215,Heartbreaker,Ryan Adams,2000,7hmZCaBzp6mVrelxW6Ckrn,66,,222
216,Blondie,Parallel Lines,1978,,,140,
217,Summerteeth,Wilco,1999,1JpaFJzzcsiulO6MdIcQdK,54,,515
218,XO,Elliott Smith,1998,1zOxlHQGGV6EH7n4OIFTyh,53,,539
219,Innervisions,Stevie Wonder,1973,5jgI8Eminx9MmLBontDWq8,55,24,499
220,Rage Against the Machine,Rage Against the Machine,1992,4Io5vWtmV1rFj4yirKb4y4,76,365,54
221,Skylarking,XTC,1986,3FVsJiQMI7dp0RfTBdWtMW,48,,660
222,If You're Feeling Sinister,Belle and Sebastian,1996,6dCg3NshlkeOJPyhPZG8Qa,45,,714
223,Talking Heads 77,Talking Heads,1977,5eqcF7pWzHgWpGdEmHgeSN,64,291,274
224,De La Soul,3 Feet High and Rising,1989,,,346,
225,Raw Power,Iggy Pop and the Stooges,1973,6mxbG8KrOTZIxlP4gzaliM,55,128,500
226,Red Headed Stranger,Willie Nelson,1975,5aEtg4dxdBk4pj6SJ3hNsM,48,183,665
227,Vampire Weekend,Vampire Weekend,2008,7JcfNKXoHSaog85a1hd4lx,71,430,113
228,"Kiss Me, Kiss Me, Kiss Me",The Cure,1987,37Q22g0n9PzBLX6lNddrIa,57,,445
229,Sea Change,Beck,2002,5ieP11rJQvuYz0Ov3k03cy,54,436,510
230,Separation Sunday,The Hold Steady,2005,2o9xoahiznyfXC13U5dex7,40,,779
231,The Stranger,Billy Joel,1977,1Mhn9VosyjtWn4dMPFlna6,70,70,149
232,Combat Rock,The Clash,1982,1ZH5g1RDq3GY1OvyD0w0s2,70,,147
233,Imperial Bedroom,Elvis Costello and the Attractions,1982,1pK8MLyjgvt8pNVkQCBnSg,37,166,816
234,Fox Confessor Brings the Flood,Neko Case,2006,5yIiFmVkza1N3ddMtftxIZ,51,,584
235,Radio City,Big Star,1974,3mtVgumHx6y9I2UvW4lUd5,45,405,729
236,The College Dropout,Kanye West,2004,3ff2p3LnR6V7m6BinwhNaQ,76,298,50
237,The Downward Spiral,Nine Inch Nails,1994,3i13RcPnJ0AkHEamweLGhq,63,201,288
238,Louder than Bombs,The Smiths,1988,45StnugV9WQMQwk4rRoTy8,68,369,187
239,Bitches Brew,Miles Davis,1970,1wVO8nHzgcim0IBzbXnYX0,46,95,706
240,Gimme Fiction,Spoon,2005,3VfwgheyI86T9yto1b1M5H,54,,508
241,Harvest Moon,Neil Young,1992,,,,
242,Tragic Kingdom,No Doubt,1995,3VekjWskUut57hx6W9wqL8,59,,391
243,The Lonesome Crowded West,Modest Mouse,1997,5N8dllc5sLTt8DLrxeEU4K,58,,414
244,Workbook,Bob Mould,1989,3VhSB8ozURez6qOSptLb15,40,,787
245,Let's Dance,David Bowie,1983,37KYBt1Lzn4eJ4KoCFZcnR,71,,119
246,"Crooked Rain, Crooked Rain",Pavement,1994,3F8CTobvWDa46GhS0WkXYh,45,212,717
247,Dr. Dre,The Chronic,1992,,,138,
248,Endtroducing…,DJ Shadow,1996,06HRPqj5bIfhxSpXN7lAPR,52,,569
249,Californication,Red Hot Chili Peppers,1999,0fLhefnjlIV3pGNF9Wo8CD,73,401,88
250,Heroes,David Bowie,1977,3lFioPGhn7x5Y3H3YbPV83,71,,120
251,Exodus,Bob Marley and the Wailers,1977,5EoLQ6g8jZiZkMXvi66u9Y,71,169,121
252,"Power, Corruption, and Lies",New Order,1983,6NTrwu1XJ56jBPx7HMksbZ,62,,319
253,Bee Thousand,Guided by Voices,1994,2VQKZAvtL5epxdEOuLVP6t,48,,656
254,Whatever and Ever Amen,Ben Folds Five,1997,3oz8kworUyU7oXjaEVhDsZ,58,,415
255,Post,Björk,1995,2Ul7B1LEHxXzYubtkTMENs,52,376,570
256,Prince,Dirty Mind,1980,,,206,
257,69 Love Songs,The Magnetic Fields,1999,2js3lkzAjWpD656NK7ZaJX,57,465,432
258,Modern Vampires of the City,Vampire Weekend,2013,2Qi2SySN2ePZwMLDSv9Krn,75,,60
259,So,Peter Gabriel,1986,,,187,
260,"Oh, Inverted World",The Shins,2001,34XlrJGfsDhvRDeJ8a6lie,70,,137
261,No Depression,Uncle Tupelo,1990,4khnycwIKJXlo2ToImlQCf,38,,802
262,Sky Blue Sky,Wilco,2007,6dbcDWUXEFpNrmCJoqZsk4,54,,506
263,Born in the USA,Bruce Springsteen,1984,0PMasrHdpaoIRuHuhHp72O,77,86,44
264,Tidal,Fiona Apple,1996,5gVBXH8MT6zfdRkjp7qT18,63,,287
265,Homogenic,Björk,1997,0HMsmYvoT1h2x1C4di5faf,48,,654
266,Stankonia,OutKast,2000,2tm3Ht61kqqRZtIYsBjxEj,76,361,51
267,Speaking in Tongues,Talking Heads,1983,4sLCQxMRfn3gAHrBNZtbTH,63,,291
268,Gold,Ryan Adams,2001,1tYlx93ShW1M8TiAVDJSKc,60,,359
269,Currents,Tame Impala,2015,79dL7FLiJFOO0EoehUHQBv,79,,25
270,The River,Bruce Springsteen,1980,6YNIEeDWqC09YIWzhoSVLg,69,253,171
271,Carrie and Lowell,Sufjan Stevens,2015,0U8DeqqKDgIhIiWOdqiQXE,75,,59
272,A Hard Day's Night,The Beatles,1964,6wCttLq0ADzkPgtRnUihLV,65,307,258
273,There's a Riot Goin' On,Sly and the Family Stone,1971,0ihYToxMgYcuHuxOKjGQKO,54,,530
274,Aladdin Sane,David Bowie,1973,0rBsmtPnOGz2IYmAqCrbuy,49,99,646
275,The Smiths,The Smiths,1984,6cI1XoZsOhkyrCwtuI70CN,66,473,231
276,"Whatever People Say I Am, That's What I'm Not",Arctic Monkeys,2006,6sPaeMfg4Ct5FTmxLHS2pS,68,371,182
277,The Soft Bulletin,The Flaming Lips,1999,0Gpcuci4CMpKHvZPM34KWg,52,,565
278,Off the Wall,Michael Jackson,1979,2ZytN2cY4Zjrr9ukb2rqTP,73,68,91
279,Lungs,Florence + the Machine,2009,2FgknX5e7fJlriQtxvpLhZ,72,,93
280,The Score,The Fugees,1996,18XFe4CPBgVezXkxZP6rTb,70,469,139
281,1984,Van Halen,1984,6x2n6wj3WvkRi8J8gxEcF0,67,,207
282,Songs for the Deaf,Queens of the Stone Age,2002,58HZZpS0wxJKwGjoerg0mk,63,,284
283,Hatful of Hollow,The Smiths,1984,1j57Q5ntVi7crpibb0h4sv,69,,170
284,Mezzanine,Massive Attack,1998,49MNmJhZQewjt06rpwp6QR,69,,162
285,Los Angeles,X,1980,4lgW2v8MOtBxyuQ7erHLgj,49,287,643
286,Texas Flood,Stevie Ray Vaughan and Double Trouble,1983,1AL5oXZRtTc8PyhcTwg4xQ,60,,367
287,"I Love You, Honeybear",Father John Misty,2015,2A8IKX257C4hJaYUHMhLP7,69,,152
288,Bookends,Simon and Garfunkel,1968,3bzgbgiytguTDnwzflAZr2,68,234,189
289,Parachutes,Coldplay,2000,6ZG5lRT77aJ3btmArcykra,82,,9
290,Forever Changes,Love,1968,2amHBpP8C0EUy6yBNy6nN6,50,40,629
291,Dig Me Out,Sleater-Kinney,1997,0nbA26khGDRROFRo7D90w0,45,272,713
292,Midnite Vultures,Beck,1999,5Mk8LGoWoPg0igqQXprzfR,50,,609
293,Random Access Memories,Daft Punk,2013,4m2880jivSbbyEGAKfITCa,81,,11
294,Giant Steps,John Coltrane,1959,3kxiL93hCFCIXkXJBLcYDi,57,103,458
295,Station to Station,David Bowie,1976,7Ce9NBNo6wHUKbvZS41NOH,57,324,452
296,The B-52's,The B-52's,1979,3eXETk1esvZPRluDCWH3GN,52,152,577
297,Full Moon Fever,Tom Petty,1989,5d71Imt5CIb7LpQwDMQ093,66,,229
298,Ritual de lo Habitual,Jane's Addiction,1990,7acrrQejzV4ybWWTM8TmPf,50,,613
299,Palomino,Trampled by Turtles,2010,5sT4iQKiMLVJvOQKPVxn62,62,,310
300,Black Sabbath,Black Sabbath,1970,6r7LZXAVueS5DqdrvXJJK7,69,243,176
301,Rockin' the Suburbs,Ben Folds,2001,4FtOLTQqwnxpaABrJWYdBy,56,,464
302,Boys and Girls in America,The Hold Steady,2006,2QcvMwm61MIhBFBy6JXoTh,44,,733
303,Mule Variations,Tom Waits,1999,0tFQcJyS2Ui3vtiijAEdwS,52,416,566
304,Ruby Vroom,Soul Coughing,1994,36l2wbZVtfhAO7R4T3IuMj,43,,749
305,Enter the Wu-Tang: 36 Chambers,Wu-Tang Clan,1993,3tQd5mwBtVyxCoEo4htGAV,71,387,117
306,Young Americans,David Bowie,1975,3VHW81P7SsBqPBGjiCJRXj,62,,322
307,Fear of a Black Planet,Public Enemy,1990,0aFNb4RDk2hmKKLa0bzXNz,52,302,572
308,Boys and Girls,Alabama Shakes,2012,6EoJL3ty0FyE7XmLpAX2sj,69,,154
309,Girlfriend,Matthew Sweet,1991,0SZjTgnyODlELJWopuCt8w,50,,611
310,No Kings,Doomtree,2011,5QT97aoWmZx0p7UUEcdhnx,45,,709
311,Sweetheart of the Rodeo,The Byrds,1968,02XyFDfvHfIwtqOC3o0PcK,48,120,672
312,Definitely Maybe,Oasis,1994,3jnyR6lycuXlPjNH7FVRf5,55,,485
313,2112,Rush,1976,5g5aKkI0ExfU4kDvADP6JK,50,,621
314,Bleach,Nirvana,1989,1TjncssmpzxUYTZic79o7T,69,,168
315,Captain Fantastic and the Brown Dirt Cowboy,Elton John,1975,4UcpKa4yD9AA3iEHI8MFSF,39,158,797
316,Excitable Boy,Warren Zevon,1978,03WJAI8NnJHvCNqnlLw8kg,55,,497
317,Entertainment!,Gang of Four,1979,1UMvR1rwj9EzLnbj4L6Zoy,49,483,645
318,13 Songs,Fugazi,1989,21wERoyBas2JCRCgysPDJX,57,,440
319,Nilsson Schmilsson,Nilsson,1971,4s2hhmQizU4FHtRU7dDzHP,45,,730
320,Debut,Björk,1993,3icT9XGrBfhlV8BKK4WEGX,50,,610
321,Slanted and Enchanted,Pavement,1992,3EdtFWfLmkT5mC1QFXgqIW,43,135,751
322,When the Pawn...,Fiona Apple,1999,3o5EnVZNJXtfPV8tCoagjI,56,,465
323,Hootenanny,The Replacements,1983,0pBqLz20Olwl0JVODWwyoI,32,,833
324,Desire,Bob Dylan,1976,1T8usYsiGEMPMQOLFgJEbE,66,174,234
325,Channel Orange,Frank Ocean,2012,392p3shh2jkxUxY2VHvlH8,80,,16
326,Scary Monsters (and Super Creeps),David Bowie,1980,53YfKqwV8lphizo06QSxEe,61,,349
327,Led Zeppelin,Led Zeppelin,1969,70lQYZtypdCALtFVlQAcvx,74,29,81
328,Plans,Death Cab for Cutie,2005,1NFGnxmeIEBakre4DvLaJq,69,,158
329,The Crane Wife,The Decemberists,2006,4qvFBtRrwbSgoH3nyVlTCp,56,,460
330,"Sorry Ma, Forgot to Take Out the Trash",The Replacements,1981,2dcKKCKNZgBGEfMEBpuE2r,35,,826
331,Neil Young,Rust Never Sleeps,1979,,,351,
332,Light Chasers,Cloud Cult,2010,31f4uVkbEOiMcZS9i1n2AU,49,,631
333,Elvis Presley,Elvis Presley,1956,7GXP5OhYyPVLmcVfO9Iqin,56,56,475
334,Helplessness Blues,Fleet Foxes,2011,3l7iMXJ0jqFnIYZRyCUewC,66,,218
335,Meddle,Pink Floyd,1971,468ZwCchVtzEbt9BHmXopb,58,,421
336,Agætis Byrjun,Sigur Rós,2000,7LKQtdC6uWxqLzSbDonFij,59,,387
337,The Last Waltz,The Band,1978,,,,
338,I'm Wide Awake It's Morning,Bright Eyes,2005,5msfCyqu8fJYqDDV6OrXTg,72,,95
339,Sublime,Sublime,1996,5dwkpREUiLdmPLy4POzFSa,77,,41
340,Synchronicity,The Police,1983,7yDxJXFPl88Dt9kBo0dDD6,64,448,271
341,Magical Mystery Tour,The Beatles,1967,2BtE7qm1qzM80p9vLSiXkj,68,,190
342,Ready to Die,The Notorious B.I.G.,1994,2ymwUMeW3BySLhKNp8UQZ3,74,134,75
343,A Rush of Blood to the Head,Coldplay,2002,0RHX9XECH8IVI3LNgWDpmQ,84,466,5
344,Merriweather Post Pavilion,Animal Collective,2009,02vTLsOXcSItxqbLMCsaRo,58,,405
345,This Is Happening,LCD Soundsystem,2010,4hnqM0JK4CM1phwfq1Ldyz,66,,219
346,The Modern Lovers,The Modern Lovers,1970,3hM0rO7AqHBM6KVOe0Vdq1,50,382,627
347,English Settlement,XTC,1982,2fDm6GpssR8S6uQnDE4MKM,44,,740
348,Fever to Tell,Yeah Yeah Yeahs,2003,7gRMJ6RH5aI3GfDMKMtdml,50,,606
349,Closer,Joy Division,1980,4kT3ewGWBRAOlocyVp03bm,50,157,616
350,Ga Ga Ga Ga Ga,Spoon,2007,6zEGEx2ZXpiLczrpu5wWqu,58,,406
351,Rid of Me,PJ Harvey,1993,2fDJpBJhtloxzUENHlU9JB,41,406,773
352,New Order,Substance,1987,,,,
353,Oracular Spectacular,MGMT,2008,6mm1Skz3JE6AXneya9Nyiv,80,494,18
354,The Hazards of Love,The Decemberists,2009,4yngOTPwtS3iypFBwU5qqR,49,,632
355,Out of Time,R.E.M.,1991,22c9GGhLosljU2p3xPmOfe,59,,393
356,Neon Bible,Arcade Fire,2007,7D2KOlQm1PFrMatMIBZ0OR,58,,407
357,Live Through This,Hole,1994,2Rwf2nPYZQ9aIe4QXACTC7,55,460,486
358,Boston,Boston,1976,2QLp07RO6anZHmtcKTEvSC,75,,69
359,Avalon,Roxy Music,1982,3JXODSjT9mUz2lIb4YIErw,58,,417
360,Dirt,Alice in Chains,1993,58NXIEYqmq5dQHg9nV9duM,70,,143
361,Fresh Fruit for Rotting Vegetables,Dead Kennedys,1980,5cADwrInLLhrjsXSmEPE3E,54,,524
362,Hail to the Thief,Radiohead,2005,1oW3v5Har9mvXnGk0x4fHm,70,,132
363,A Ghost is Born,Wilco,2004,1RCxMEn5jFeUWbof3vy8oC,43,,745
364,"Sometimes I Sit and Think, and Sometimes I Just Sit",Courtney Barnett,2015,1WBps8cIMT6LYVq5rYh5ze,61,,331
365,King of the Delta Blues Singers,Robert Johnson,1961,2IWaNq5o4tG1w6yxve5BMU,55,,502
366,Parklife,Blur,1994,0DBkFC6739trhCoVreZyds,55,,487
367,The Black Keys,El Camino,2011,,,,
368,Fisherman's Blues,The Waterboys,1988,1niTZlsM14tECBG5PDAdZc,53,,544
369,Closing Time,Tom Waits,1973,4ENah6iWByAVrxQS7uiF87,63,,298
370,A.M.,Wilco,1995,12aTus909nMpNQd3sSyX9S,46,,694
371,Pearl,Janis Joplin,1971,3j7nicLAWXM0Fb08q9XGyf,67,125,210
372,The King is Dead,The Decemberists,2011,3hd8GiXOy4KUTxVDVUDT5F,59,,380
373,Maggot Brain,Funkadelic,1971,4P5bvMUWhoYILjMf2fhKxZ,61,479,352
374,Nashville Skyline,Bob Dylan,1969,5WBx64FIN04CvM2T1MGrUN,65,,254
375,Fleet Foxes,Fleet Foxes,2009,6spTDEWQfiSsKjkR9NmuDX,68,,180
376,AM,Arctic Monkeys,2013,5bU1XKYxHhEwukllT20xtk,86,,1
377,Turn On the Bright Lights,Interpol,2002,79deKDaslwLfH3yPR2T3SB,59,,385
378,Boys Don't Cry,The Cure,1980,,,438,
379,King Crimson,In the Court of the Crimson King,1969,,,,
380,Neil Young,On the Beach,1974,,,,
381,Cure for Pain,Morphine,1993,0FocpOyE7RnaNsiaEhSbp6,55,,488
382,Aquemini,OutKast,1998,5ceB3rxgXqIRpsOvVzTG28,65,500,240
383,If I Should Fall From Grace With God,The Pogues,1988,4V92Puney9WxGPecKtLG4L,55,,493
384,Fables of the Reconstruction,R.E.M.,1985,26vUt4edIwqnvkaTzHqkv3,40,,788
385,More Songs About Buildings and Food,Talking Heads,1979,01RJdKvXyz515O37itqMIJ,52,383,578
386,Trouble Will Find Me,The National,2013,2JhR4tjuc3MIKa8v2JaKze,74,,71
387,Chutes Too Narrow,The Shins,2003,6VVLUOWDHodYKY3jDh8Sck,59,,384
388,Meat is Murder,The Smiths,1985,5DM1qCdgGt2zbknnsVn1Ca,57,296,446
389,Controversy,Prince,1980,,,,
390,Van Halen,Van Halen,1978,7G2PY8yve3Db0PeGsosb4x,64,415,273
391,Lonerism,Tame Impala,2013,3C2MFZ2iHotUQOSBzdSvM7,71,,109
392,The Velvet Underground,The Velvet Underground,1967,1gGjSTfser1MPfowGiuy9l,57,316,457
393,Monster,R.E.M.,1994,3nDp9F1DKJ4FjIcRXgmOJh,47,,681
394,Some Girls,The Rolling Stones,1978,1Jv2AqzhgsduUik2p4k3cS,63,270,295
395,She's So Unusual,Cyndi Lauper,1983,4pox3k0CGuwwAknR9GtcoX,72,487,100
396,Vitalogy,Pearl Jam,1994,5pd9B3KQWKshHw4lnsSLNy,66,485,227
397,Brothers in Arms,Dire Straits,1985,7jvcSnCnugLcisBCNBm60s,61,352,348
398,Born to Die,Lana Del Rey,2012,5PW8nAtvf2HV8RYZFd4IrX,81,,12
399,Tea for the Tillerman,Cat Stevens,1970,25Vt8FvZBx4BsSJWEsF7sJ,63,208,300
400,LCD Soundsystem,LCD Soundsystem,2005,6aSk2vxoY3xtz7cXKuY9EL,61,,337
401,"Stories from the City, Stories from the Sea",PJ Harvey,2000,0hBWhJEmVyNPG2Jq71CJXz,48,431,652
402,American IV: The Man Comes Around,Johnny Cash,2002,2BlL4Gv2DLPu8p58Wcmlm9,59,,386
403,Fear of Music,Talking Heads,1979,4OLsnJQPTX0S6lODXw1MqC,42,,768
404,Credit In Heaven,The Suburbs,1981,1cGW3CtTQHTv1yd0r2R4xl,18,,847
405,Master of Reality,Black Sabbath,1971,7pGb2cOGVz6vLyaZaKOQ7D,57,300,455
406,Chocolate and Cheese,Ween,1994,5Ci3qdm3m5wnkK9ORy2hU5,54,,517
407,"Rum, Sodomy, and the Lash",The Pogues,1985,2wRH4pcI8TIQFCK1MeByWO,56,440,472
408,Lady Soul,Aretha Franklin,1968,7lEOKZaOpqP70UYqdLPejG,60,85,376
409,Homework,Daft Punk,1997,5uRdvUR7xCnHmUW8n64n9y,68,,184
410,Voodoo,D'Angelo,2000,1ecv8bJajqX9E0EOX2g3eI,61,481,340
411,Kick,INXS,1987,7cuwWzS0oiApEt2fpKafkX,60,,362
412,The Reluctant Graveyard,Jeremy Messersmith,2010,7c7IgvSrevc0i8gty1WEHI,47,,674
413,The Man-Machine,Kraftwerk,1978,3eyz60xEK5dGEeZF1JJSi9,53,,552
414,"Lifted, or, The Story Is In the Soil, Keep Your Ear to the Ground",Bright Eyes,2002,1ENRwqTHjFyEHod68CimVw,52,,563
415,Morning Phase,Beck,2014,2Qx7dgA5VjX8JDQaXVxzHu,65,,235
416,Not a Pretty Girl,Ani Difranco,1995,5AwPSdL66EF5KVcoAGiG5u,37,,814
417,Return to Cookie Mountain,TV on the Radio,2006,7xn8nwwutlJFMb7Zf9NEHi,57,,428
418,Evil Empire,Rage Against the Machine,1996,24E6rDvGDuYFjlGewp4ntF,70,,140
419,Rio,Duran Duran,1982,02tfQwJSOLP77oCd9U8bqm,63,,292
420,Diamond Dogs,David Bowie,1974,6JxxRxzjsOTtKVie29FTt2,65,,251
421,Takk,Sigur Rós,2005,6meXSKHVhOQVPzo4ZEtZWw,52,,562
422,L.A. Woman,The Doors,1971,7IKUTIc9UWuVngyGPtqNHS,71,364,125
423,Songs from the Big Chair,Tears for Fears,1985,3myPwaMYjdwhtq0nFgeG6W,63,,290
424,The Story,Brandi Carlile,2007,23XH8Ej694esQAb3IYu00h,61,,336
425,Another Green World,Brian Eno,1975,6uoeezh45SYEb8lcT8gDTY,54,429,528
426,Fear Fun,Father John Misty,2012,0r0uA6OMU5fTbWetcMf867,67,,193
427,Help!,The Beatles,1965,0PT5m6hwPRrpBwIHVnvbFX,69,331,178
428,Bat Out of Hell,Meat Loaf,1977,0elHWyUbF2KLuHl8GjlzEM,65,343,248
429,Get Happy!!,Elvis Costello and the Attractions,1980,38sLlYZ4sdfm5SvjmshqcY,36,,823
430,Lazaretto,Jack White,2014,36LXzRarDP8TU8K0REGpt6,62,,307
431,Green,R.E.M.,1988,4eoeIPvcO9RCp1u5hcui7K,46,,699
432,Wincing the Night Away,The Shins,2007,7f5IY1tuyC4yEardrzrxwe,67,,197
433,Hello Nasty,Beastie Boys,1998,6eGYLONkDMja0MNtZWnRRB,65,,241
434,Highway to Hell,AC/DC,1979,10v912xgTZbjAtYfyKWJCS,76,200,55
435,xx,The xx,2009,2rmMeEq5D1Bg7YFRwtHBDr,72,,94
436,Making Movies,Dire Straits,1980,7yTjsInNdNQJAlXAboi1nh,49,,644
437,Last Splash,The Breeders,1993,2yg43md1L9Ti9ysWYqhDji,55,,489
438,Keep It Like a Secret,Built to Spill,1999,2PKZhfPrgMmK5zug2pqdHA,54,,516
439,Stranger's Almanac,Whiskeytown,1997,29gnqAHOpVJJL3h8wPrlMl,40,,781
440,God Loves Ugly,Atmosphere,2005,5EXaWmrRlzRe5uNS6v7y3K,58,,408
441,Close to the Edge,Yes,1972,6344rkGqCBDenGoS7eJlBN,46,,705
442,More Adventurous,Rilo Kiley,2004,4n36X2GMJ84BKh9D9zMRVI,54,,509
443,Piper at the Gates of Dawn,Pink Floyd,1967,2Se4ZylF9NkFGD92yv1aZC,52,347,582
444,White Light/White Heat,The Velvet Underground,1968,1iSpMWY7JkwMyL6i9aIHTi,43,293,757
445,Get Behind Me Satan,The White Stripes,2005,6QK4LkEULkPZjhRPaRvYyV,60,,358
446,40 Oz. to Freedom,Sublime,1992,1kfsTO9vANwXuntyIaQUT3,68,,186
447,Disraeli Gears,Cream,1967,6fRqzJT070Kp9RWlSXmKcY,61,114,355
448,Z,My Morning Jacket,2005,2TpZRh7HrXYr5CzOaMHZte,57,457,430
449,Here Come the Warm Jets,Brian Eno,1973,74jn28Kr29iyh8eZXSvnwi,48,432,667
450,Fragile,Yes,1971,4X6gq5bgpGXcHINlFWzriM,50,,625
451,Kiko,Los Lobos,1992,12AL1C0jglsaMYHwTsvA7w,42,,764
452,Blackstar,David Bowie,2016,2w1YJXWMIco6EBf0CovvVN,70,,127
453,Bone Machine,Tom Waits,1992,5blxyZRgkA735vO40p56MA,42,,765
454,John Prine,John Prine,1971,5t4FHrIAHI8nolSAOBRgPp,53,452,558
455,Spiderland,Slint,1991,6BvKCbARjaMm59qxia6NVh,41,,774
456,Something/Anything?,Todd Rundgren,1972,3fRCOoTbBsOITBWlCRCJQr,50,173,624
457,Bad,Michael Jackson,1987,24TAupSNVWSAHL0R7n71vm,74,203,77
458,Neil Young,Tonight's the Night,1975,,,330,
459,Otis Blue,Otis Redding,1965,68BCjMsHX4Gf11BJSkjwGz,67,78,216
460,…Like Clockwork,Queens of the Stone Age,2013,06S2JBsr4U1Dz3YaenPdVq,70,,129
461,Talking Book,Stevie Wonder,1972,3PResMqFgQYBfzTnqTKwQw,51,90,599
462,Grave Dancer's Union,Soul Asylum,1992,3EFhsxrJoH3yE3r8bHheE6,56,,466
463,Outlandos D'Amour,The Police,1978,6EW7DSC8rjwBJIeAc1d7uQ,59,428,399
464,Alien Lanes,Guided by Voices,1995,4agHHI1pV0CUPpV72dYIIv,45,,716
465,Guero,Beck,2005,2EugWXUZjr78KJFqZavvZT,61,,338
466,Boy,U2,1980,4YCjEFs1aDmcilTMbqMwjY,42,417,767
467,Anodyne,Uncle Tupelo,1993,5DQRAlGAFTpHsXGEg5zw9V,42,,763
468,Pure Heroine,Lorde,2013,0rmhjUgoVa17LZuS8xWQ3v,77,,34
469,Graduation,Kanye West,2007,3SZr5Pco2oqKFORCP3WNj9,80,,20
470,Indigo Girls,Indigo Girls,1989,1rkuKm5mDoauq9XKjRV94x,49,,636
471,Machine Head,Deep Purple,1972,1EK3a0Yctg4d3nGQzE4Uty,59,,401
472,Beyonce,Beyonce,2013,1gIC63gC3B7o7FfpPACZQJ,85,,2
473,New York,Lou Reed,1989,7xGqf9DddW89cg7m6zX88t,49,,637
474,Contra,Vampire Weekend,2010,23dMwCv6redn6pcyliSlGk,65,,236
475,"When Life Gives You Lemons, You Paint That Shit Gold",Atmosphere,2008,1HT8zTMIromrZOA4wnbGdV,64,,262
476,( ),Sigur Rós,2002,35aAMMFurDWUvb6DAxFttv,56,,463
477,Low Life,New Order,1985,6ls958BLJbeFT3OqAYTvQB,51,,594
478,Under the Table and Dreaming,Dave Matthews Band,1996,0SeRWS3scHWplJhMppd6rJ,66,,224
479,Look Sharp!,Joe Jackson,1979,6Bt6KjNfoCp6UbYVFGH4FH,45,,728
480,Destroyer,Kiss,1976,59plsPcJYFlSA5ImekNQJ0,53,489,553
481,Trompe Le Monde,Pixies,1991,0W3TFGV3CokHLxXPeC3sEk,54,,520
482,Superunknown,Soundgarden,1994,29sTacnS0qA9xri6YS8xLA,66,335,228
483,Mermaid Avenue,Billy Bragg and Wilco,1998,7uSgX0fbBol4NDyqsSZJaE,51,,586
484,Our Endless Numbered Days,Iron and Wine,2004,20OPxsW0aYB6InxDImJRdt,72,,96
485,Babel,Mumford & Sons,2012,7rlmzEQPP4b6T6OhlnTdRn,71,,110
486,Tracy Chapman,Tracy Chapman,1989,7xlc8VKmPqZJ9m1Dphm6O5,51,263,591
487,"Crosby, Stills, and Nash","Crosby, Stills, and Nash",1969,6vUWpE8qciYHOhf7mgaGny,60,262,375
488,Room On Fire,The Strokes,2003,3HFbH1loOUbqCyPsLuHLLh,73,,86
489,Feel Good Ghosts (Tea Partying Through Tornadoes),Cloud Cult,2008,6pnv9WsflzIveewAUytBpB,39,,792
490,Plastic Ono Band,John Lennon,1970,0DFYbYCcHCEJPcN1hODG6K,58,23,422
491,Repeater,Fugazi,1989,3ZnF1cPxlqB48RyLiecDnv,49,,638
492,Under the Pink,Tori Amos,1994,6VNuZLF98tsRYgqlIXAVCD,51,,590
493,Kill the Moonlight,Spoon,2002,0v3Pue4UjRmcwluqtcXw79,48,,651
494,Mingus Ah Um,Charles Mingus,1959,397b6NnWGX63r9LHQPF2cC,53,,561
495,Sounds of Silence,Simon and Garfunkel,1966,07RAGILF28QweYQSZasr5k,60,,377
496,The Harder They Come,Jimmy Cliff,1972,4UhiCJRMQrjZ1AQooan47K,57,122,454
497,Reggatta de Blanc,The Police,1979,5fMAuIxI96lqdSPqUGwlXd,58,372,418
498,Different Class,Pulp,1995,3ly9T2L4pqTZijFgQssd3x,53,,541
499,Band of Gypsys,Jimi Hendrix,1970,4onmGiUjJyDypKEQvJOvLc,45,,731
500,Superfly,Curtis Mayfield,1972,5QuvlU7nCUZZJauMvhlWR4,52,72,581
501,Bryter Layter,Nick Drake,1971,04FfqGvZJ9oUBGRVrq2FE5,50,,626
502,Sheer Heart Attack,Queen,1974,6RJyYMIrOtx3VnNIoq31kj,54,,529
503,Blue Train,John Coltrane,1958,4vIJFprkZ7vyN6nhcBgQmG,55,,503
504,Flip Your Wig,Hüsker Dü,1985,64ww8DQgkLRSFTUjNg0v47,38,,804
505,Ghost in the Machine,The Police,1981,2ccrabRMmY1gECUdyqblP2,56,323,473
506,Reign in Blood,Slayer,1986,2DumvqHl78bNXuvU9kQfPN,60,,364
507,Begin to Hope,Regina Spektor,2006,0ssMZRCnobXKQXjQ2R5A5a,69,,157
508,Starfish,The Church,1988,3gz1CZk5wFg2inBuUWDa8x,53,,545
509,Wildewoman,Lucius,2014,3FbnUTejfWegwYtIS8SRql,51,,583
510,2001,Dr. Dre,1999,7q2B4M5EiBkqrlsNW8lB7N,80,,23
511,Alligator,The National,2005,4rwdrCccOqPlRjFZq0H1M1,58,,409
512,Innerspeaker,Tame Impala,2010,5RA5hhLlbw31QfQRX11pwo,60,,356
513,New York Dolls,New York Dolls,1973,2xbTV0Awe4Qm5caUVuPbMr,48,215,668
514,Out of the Blue,Electric Light Orchestra,1977,3usnShwygMXVZB4IV5dwnU,68,,188
515,Wasting Light,Foo Fighters,2011,5lnQLEUiVDkLbFJHXHQu9m,71,,111
516,Doggystyle,Snoop Dogg,1993,7f9KDGqY7X2VLBM5aA66KM,75,,68
517,A Badly Broken Code,Dessa,2010,1TAbvSOlQU1KqPNdZ0vDJR,42,,759
518,Heaven or Las Vegas,Cocteau Twins,1990,37hHXJ7xas2Nb7Jbi8ip4E,57,,439
519,Blacklisted,Neko Case,2002,76PyfjqUSplsygzK6lcbcU,50,,607
520,Elvis Presley,The Sun Sessions,1976,,,11,
521,Hysteria,Def Leppard,1987,6CKFGOR75rLuIbXX13kUgu,61,464,347
522,O,Damien Rice,2002,6aHBpqM0YAMfYxfTBjfmk1,65,,239
523,Raising Hell,Run-DMC,1986,7AFsTiojVaB2I58oZ1tMRg,67,123,206
524,Pink Flag,Wire,1977,5dfFLlA2pgPWdZZxrgZAGP,50,412,620
525,Swordfishtrombones,Tom Waits,1983,51hrKjSvIX69tl1g13R0hI,41,,776
526,Girls Can Tell,Spoon,2001,1hUGL6I8U1hYzsapYlG5b8,45,,710
527,Garbage,Garbage,1995,1Vze7jtjAVQOdIIQ8oO2X7,47,,677
528,Picaresque,The Decemberists,2005,2BUjGFXF8xmxlSCM7nyP3M,55,,479
529,Time Out of Mind,Bob Dylan,1997,185DHT5SvszXRrezx3lOjt,51,410,588
530,The Battle of Los Angeles,Rage Against the Machine,1999,2eia0myWFgoHuttJytCxgX,69,,161
531,Tusk,Fleetwood Mac,1979,6b6FYoisWvkLKxF2JDjm1j,53,,551
532,"Strangeways, Here We Come",The Smiths,1987,7jfexk2w5aDI25njkN0UGg,60,,363
533,Workingman's Dead,The Grateful Dead,1970,4jxokHekH1qSad1DcC82ku,51,,600
534,Surrealistic Pillow,Jefferson Airplane,1967,6lPb7Eoon6QPbscWbMsk6a,65,146,257
535,This is the Sea,The Waterboys,1985,2wiKJf2HiR62yFKlKXAajP,52,,574
536,Hejira,Joni Mitchell,1976,3Z0qQc09rmk4JYtIaxEx2J,46,,703
537,Amnesiac,Radiohead,2001,6V9YnBmFjWmXCBaUVRCVXP,67,320,201
538,Blue Lines,Massive Attack,1991,5mAPk4qeNqVLtNydaWbWlf,54,397,521
539,Dilate,Ani Difranco,1996,0IYeZXg8F77SvsBOdlIFGN,37,,812
540,Stardust,Willie Nelson,1978,38uGoW7jS8jjJMvZA26sRq,37,260,817
541,"Hurry Up, We're Dreaming",M83,2011,6R0ynY7RF20ofs9GJR5TXR,75,,62
542,Urban Hymns,The Verve,1997,2okCg9scHue9GNELoB8U9g,73,,89
543,Come Away With Me,Norah Jones,2002,1JvoMzqg04nC29gam4Qaiq,77,,38
544,Feeling Strangely Fine,Semisonic,1998,10EiZk1JUeEcIVXHdYkrGp,55,,484
545,Emotionalism,The Avett Brothers,2007,4pb5b6XKuzzh5CqPFOzptQ,59,,383
546,The Mollusk,Ween,1997,1yfJqxKKXG320vhqLfUEeC,58,,416
547,Shoot Out the Lights,Richard and Linda Thompson,1982,4xX94uM6Kf972DJurGKnbb,38,332,806
548,De Stijl,The White Stripes,2000,268nFPZ1WsMsBLDh8q7T2h,54,,513
549,Love,The Cult,1985,2d9C0gdt1OUiLkBZom1Vz1,45,,724
550,The '59 Sound,The Gaslight Anthem,2008,5ObH3ig9IUvFJyUFNPpAVC,60,,357
551,Like a Virgin,Madonna,1984,2IU9ftOgyRL2caQGWK1jjX,65,239,245
552,The Head and the Heart,The Head and the Heart,2011,7vvmFtNhkG93OAvouMdSqn,1,,852
553,Toys in the Attic,Aerosmith,1975,36IxIOGEBAXVozDSiVs09B,71,229,124
554,Moon Safari,Air,1975,206GTDefY2qRMQxYXmfb0a,53,,555
555,Ceremonials,Florence + the Machine,2011,5SxudoALxEAVh9l83kSebx,70,,131
556,The Number of the Beast,Iron Maiden,1982,0QXyw5GWqDZe3nSWrM6d4z,62,,320
557,American Recordings,Johnny Cash,1994,3yrnapvgTqeYGZKPxozcUl,44,366,737
558,Songs of Love and Hate,Leonard Cohen,1971,2Om4oR7plGGub1aYe5uB7B,49,295,647
559,Decoration Day,Drive By Truckers,2003,25wDEWipTG177BElptDzlD,47,,676
560,Black on Both Sides,Mos Def,1999,5gK2l2LgWY0BA4p9uy27z6,64,,266
561,The Meaning of 8,Cloud Cult,2007,5qo5qaPk4ofMQl4I38NqyH,41,,769
562,Aqualung,Jethro Tull,1971,0NGM3Ftwjw0dLNpAowmz3x,62,337,327
563,Alive,Kiss,1975,6TRmLIsPKSPS71Cnq8FiMc,41,159,777
564,All Eyez on Me,2Pac,1996,4CzT5ueFBRpbILw34HQYxi,81,,13
565,Commit This to Memory,Motion City Soundtrack,2005,14cwHpqeVuYbwQxmY5tgQT,58,,410
566,Grievous Angel,Gram Parsons,1974,6UQujMGmR5MbFsML9amCuN,47,425,687
567,Breakfast in America,Supertramp,1979,1zcm3UvHNHpseYOUfd0pna,62,,321
568,Gorillaz,Gorillaz,2001,0YvYmLBFFwYxgI4U9KKgUm,67,,202
569,Tumbleweed Connection,Elton John,1970,03zfU3IwWmymKoaWnwFNaY,46,458,707
570,Freedom of Choice,Devo,1980,6UsP4NQ9K4L4Nqxj0Qis41,57,,449
571,Rhythm Nation,Janet Jackson,1989,4OD3LU6001esAtFshDX46M,57,277,441
572,Eat a Peach,The Allman Brothers Band,1972,4yvCI9bSiajFEvrYTgzmpe,53,,557
573,Lady Sings the Blues,Billie Holiday,1956,6cGw7Fl0XSlSSJ5lfeVt8l,40,,791
574,You're Living All Over Me,Dinosaur Jr.,1987,7LpjAJON4CNX6PmY9SICs3,45,,721
575,Singles Going Steady,Buzzcocks,1979,2P0baUWHo9FQ5No7QjpCO7,48,360,662
576,Hang Time,Soul Asylum,1988,180yw6XAnlMMX7DCM4ekAE,25,,846
577,Greatest Hits,Al Green,1975,0fgloBlv8EpPqyL4j1W4AO,65,52,250
578,"The Wild, The Innocent, and The E-Street Shuffle",Bruce Springsteen,1973,1rmhti8uHw21LnaWMQy608,52,133,580
579,Perfect from Now On,Built to Spill,1997,6DlZzUnITGI5cWGTjIWSBm,43,,747
580,Music for the Masses,Depeche Mode,1987,4tPRXghD4ago6NYyyfrtES,50,,615
581,The Bones of What You Believe,CHVRCHES,2013,54IMJ8S0redmP6krSlKZLD,70,,130
582,Stay Gold,First Aid Kit,2014,6toF7GAattD7gLgqKbY8f9,67,,192
583,In the Wee Small Hours,Frank Sinatra,1955,3GmwKB1tgPZgXeRJZSm9WX,51,101,601
584,Candy Apple Grey,Hüsker Dü,1986,6zoU9wwvh8ETkMsWU3Mtv1,48,,661
585,Absolution,Muse,2003,0HcHPBu9aaF1MxOiZmUQTl,73,,87
586,I Do Not Want What I Haven't Got,Sinead O'Connor,1990,2azjbHOg6mdA5ABoyZOH4F,44,408,739
587,The Who Sell Out,The Who,1967,2nSduHVT17MPQCehfMRPG6,36,115,825
588,All That You Can't Leave Behind,U2,2000,7gskILm9UyDvFlmmAoqn2g,63,280,285
589,The Marshall Mathers LP,Eminem,2000,6t7956yu5zYf5A829XRiHC,75,244,66
590,So Jealous,Tegan and Sara,2004,2yNhqBKfZPzrxRJqGMbSz9,63,,281
591,Dear Catastrophe Waitress,Belle and Sebastian,2003,6qj2BjAlUUK6pGNmRsC1fk,53,,536
592,Europe '72,The Grateful Dead,1972,2IjyW9HhEre9dSNCOOzHhS,31,,838
593,Head Hunters,Herbie Hancock,1973,5fmIolILp5NAtNYiRPjhzA,53,,556
594,Small Change,Tom Waits,1976,6w4iHE8FlMASJVepo3bAJW,46,,704
595,Ray Charles,Modern Sounds in Country and Western Music,1962,,,105,
596,Sketches of Spain,Miles Davis,1960,4Gg3siRefHW8r2CndJxIiJ,44,358,742
597,St. Vincent,St. Vincent,2014,2CJnMhwEEkS8R1ctgt5llf,58,,402
598,Extraordinary Machine,Fiona Apple,2005,1z0O8lKuQRs974S8wcRiAs,53,,535
599,Fantasies,Metric,2009,3Oj8FdHcV6kAiOVWfkqRaA,64,,261
600,Candy-O,The Cars,1979,4UFgeduzEZegQE74xUwI6J,50,,617
601,You Forgot It In People,Broken Social Scene,2002,4Awy6Aaczv4aecYZYDSQXu,54,,511
602,The Woods,Sleater-Kinney,2005,0U6Z6EVDwVMqwmr2zEcH4L,50,,605
603,All Mod Cons,The Jam,1978,1zB3OwsKut94AnGBazJUlZ,35,,828
604,Gish,The Smashing Pumpkins,1991,7wJTn94PWzZ3zE0lg3qhld,50,,612
605,Things Fall Apart,The Roots,1999,0qbl8aNaCUOvX8HGsZYLfh,59,,388
606,The Lamb Lies Down on Broadway,Genesis,1974,70sCoSN0qV6U4AqJ1wJkY0,10,,851
607,Frampton Comes Alive,Peter Frampton,1976,3719jlsd41vKAiYWrXNt9o,54,,527
608,Angel Dust,Faith No More,1992,59GwovfBk0Kp2HJw1G7E5Q,62,,317
609,Madvillainy,Madvillain,2004,61809gZj46tFYs0g4s51nu,62,,312
610,Treasure,Cocteau Twins,1984,5N2tixSCaFkwdtJIG0jQmi,45,,725
611,Lust for Life,Iggy Pop,1977,7ynKEunH8LSit4TR3foMVC,69,,173
612,Reflektor,Arcade Fire,2013,4E0m7AIVc2d2QZMrMNXdMZ,62,,309
613,The Great Destroyer,Low,2005,7yh54KR6UGqcdaNbZRmBJO,32,,832
614,We Were Dead Before the Ship Even Sank,Modest Mouse,2007,2lXBCL76UL5PCPbfAqKBkz,67,,198
615,Neil Young,Zuma,1975,,,,
616,Hozier,Hozier,2014,04E0aLUdCHnhnnYrDDvcHq,84,,3
617,It Still Moves,My Morning Jacket,2003,2PANAjFiaB53wr0m8oozKZ,57,,431
618,Deltron 3030,Deltron 3030,2000,04uhhcjGVCHodMgZjXOlye,58,,413
619,Goo,Sonic Youth,1990,5iYYQwB0oH9FVyVlaOXZdr,47,,682
620,Midwestern Songs of the Americas,Dillinger Four,1998,4k6jup1fEXY37QbKdsoWo1,40,,780
621,Too Far to Care,Old 97's,1997,0Jo6Fx3HfybzdNhwXOPD7D,38,,801
622,Great Divide,Semisonic,1996,4mUfPTQtun5UEyixtUjtFp,40,,782
623,The Gilded Palace of Sin,The Flying Burrito Brothers,1969,3kaRVU6I2NkpEWoe3Gc7gz,46,192,708
624,The Best of Sam Cooke,Sam Cooke,1962,2Dpw2XUAsBvuNdNLarNzz8,48,,673
625,News of the World,Queen,1977,6Di4m5k1BtMJ0R44bWNutu,67,,208
626,Black Sea,XTC,1980,6sLuXZdrb1cmsAnfrmgbrU,38,,807
627,Warehouse: Songs and Stories,Hüsker Dü,1987,1By3l3EcAlNZXJvSOHFJ98,38,,803
628,Rabbit Fur Coat,Jenny Lewis and the Watson Twins,2006,3Jw9BmwxnWu0kvPmBVtyxs,50,,604
629,Tattoo You,The Rolling Stones,1981,15XNBzVWARPMlu0sEbfBjJ,63,213,293
630,Saturday Night Fever,Various Artists,1977,3zRFMe8IVk9sbQF7YGx5xK,16,132,849
631,The Southern Harmony and Musical Companion,The Black Crowes,1992,6MMATL777G4yuW19qIFTtT,45,,720
632,Rattle and Hum,U2,1988,7hIoJcH4ObWasDFq78u1x9,57,,444
633,Bleed American,Jimmy Eat World,2001,2ZuFyQ3E5n1L0VA9iyH0YV,70,,138
634,Chance the Rapper,Acid Rap,2014,,,,
635,Captain Beefheart and His Magic Band,Trout Mask Replica,1969,,,,
636,Escape,Journey,1981,43wpzak9OmQfrjyksuGwp0,70,,148
637,Half About Being a Woman,Caroline Smith,2013,5CTRcdwpLSIc80Mg4BHCFS,53,,532
638,Milo Goes to College,The Descendents,1982,6IU592n49Rn36fpEmg9LIq,59,,396
639,Laurie Anderson,Big Science,1982,,,,
640,Diary,Sunny Day Real Estate,1994,6c7gEp8KqjMsTmvloivm59,48,,657
641,Blunderbuss,Jack White,2012,6eSJ0lu0uwtiqXkP7Qrrno,61,,334
642,Madonna,Madonna,1983,5lrlWKjNY0eTDXp9Bd3LpW,55,,496
643,Black Holes and Revelations,Muse,2006,0lw68yx3MhKflWFqCsGkIs,76,,49
644,Five Leaves Left,Nick Drake,1969,7IpcJbVxLLEfW0KXB7ndE2,43,,756
645,Irresistible Bliss,Soul Coughing,1996,6xAjzeZbweRlhOz2KTJz3u,45,,715
646,The Fragile,Nine Inch Nails,1999,4uiVwLbTzE6VMkXpaDAwB8,57,,433
647,Mutations,Beck,1998,2RcMU32LTkLjqjkjuQSPP2,44,,735
648,Figure 8,Elliott Smith,2000,7DC0pE943VR5tAKIvQXHts,54,,514
649,Little Creatures,Talking Heads,1985,1ErneCyxOnZ1KTiEcNmnjw,49,,640
650,At Last,Etta James,1960,7rd4PorIOPjPTy7qdUeeCt,62,119,330
651,The Reminder,Feist,2007,7bTdGfczXffzzNE9ssJj4Z,64,,263
652,Version 2.0,Garbage,1998,5jgNOYEXuGTGx5GDhx3kXp,43,,746
653,Strange Mercy,St. Vincent,2011,1Lci4bx7JIuCC8pnBNX7ds,59,,381
654,Billy's Live Bait,Gear Daddies,1990,5pdE66xrNGNuGYtuf32vl7,31,,836
655,To Bring You My Love,PJ Harvey,1995,2yMg8ronKfVDHngnlLNnl8,47,,678
656,Rubber Factory,The Black Keys,2004,6OphQUjIBIZHXzugkjMjxz,63,,282
657,People's Instinctive Travels and the Paths of Rhythm,A Tribe Called Quest,1990,3kV0i1qqudjf0PGawJ4jck,70,,145
658,Ram,Paul McCartney,1971,03quwfxVOzXduvxgawbLRn,53,,559
659,Rites of Passage,Indigo Girls,1992,7Bpm8RN7CWTEH2Os4vw3Po,46,,696
660,Computer World,Kraftwerk,1981,07BPkQfT4B5xjDwjCxRiN2,39,,796
661,East Side Story,Squeeze,1981,4178w40uOpDld2RnR1ifCy,49,,642
662,They Want My Soul,Spoon,2014,55TZx6GWm1hlEbRgkGRjma,62,,308
663,Relationship of Command,At the Drive-In,2000,3fpwDgOHVqI2q4PuG4SKGL,55,,481
664,In a Silent Way,Miles Davis,1969,0Hs3BomCdwIWRhgT57x22T,37,,819
665,Energy,Operation Ivy,1989,3Y9XNmUZtlDgYSs1c6ulwv,57,,442
666,Love,Cloud Cult,2013,18dGmaFTKqNr94UJ0vyU5w,43,,744
667,Boys for Pele,Tori Amos,1996,7JY7La4rucOohjcO8shZy5,49,,635
668,The Stooges,The Stooges,1969,3MANoCcmaHWeXSuWiO3iVo,58,185,425
669,The Rhythm of the Saints,Paul Simon,1990,08tZq3FDsspdU6ycn8Jl2o,54,,522
670,Buena Vista Social Club,Buena Vista Social Club,1997,6qeYhdDR0FH7IvvArQlMuW,60,,360
671,Lost in the Dream,The War on Drugs,2014,14xxjLlbGy8ACm4MorBjD5,71,,108
672,Every Picture Tells a Story,Rod Stewart,1971,3fa5cl6Nplripk1h9z1SFv,54,172,531
673,Nothing is Wrong,Dawes,2011,7tz6YwuJxHAXJj4WF0N9a5,55,,477
674,The Lion and the Cobra,Sinead O'Connor,1987,67nJgLgseykZPC5J5xnU4F,51,,592
675,Heart Murmurs,Jeremy Messersmith,2014,6SuIleYbiL8pUzX4W7yPXG,43,,743
676,Rainy Day Music,The Jayhawks,2003,3vI8vpQDeh7NaNEY1AilPm,42,,760
677,Thick as a Brick,Jethro Tull,1972,37Zms3u6Da41sizguIcn6M,39,,798
678,Kala,M.I.A.,2007,1Lymt1abGCr3J06bbnmWca,67,393,199
679,Mason Jennings,Mason Jennings,1997,1yb3U8bjeyWWhpZBP3eka2,51,,589
680,The Black Album,Jay Z,2003,4FWvo9oS4gRgHtAwDwUjiO,70,349,136
681,Jar of Flies,Alice in Chains,1994,4FCoFSNIFhK36holxHWCnc,65,,242
682,Hotel California,Eagles,1977,2widuo17g5CEC66IbzveRu,77,37,45
683,Dusty in Memphis,Dusty Springfield,1969,6SNMenG3NjZyqgI5p4Hcmg,58,89,426
684,Liquid Swords,GZA,1995,3k8xoyOXkGgZxUKgpmxz4P,57,,437
685,Pablo Honey,Radiohead,1993,6400dnyeDyD2mIFHfkwHXN,74,,76
686,The Shape of Punk to Come,Refused,1998,2Us9qPHLvLoTl6HkYAPcz2,51,,587
687,The Seeker,Cloud Cult,2016,7Bu5a5J53vpPY5yyztNo6J,49,,630
688,Kick Out the Jams,MC5,1969,0kT4F2mSpvTk3stwiaEStp,38,294,809
689,Mellow Gold,Beck,1993,0iIGP4Sxw3KR4OCFv2yvz8,61,,344
690,Enema of the State,Blink-182,1999,5qt11cWjSs5Gbqj2Wyfu38,77,,40
691,Wish,The Cure,1992,3x1CmNdXWU0DzpTZXFFRZu,59,,392
692,You Are Free,Cat Power,2003,38CsAH6IM7fKMN0XnZReR6,56,,462
693,Plastic Beach,Gorillaz,2010,2dIGnmEIy1WZIcZCFSj6i8,75,,63
694,Synthetica,Metric,2012,1WDdaw9niyv06kRmspU1U4,50,,602
695,Portishead,Portishead,1997,3G36754KQVLyGuskraEAVA,52,,567
696,Zenyatta Mondatta,The Police,1980,3eirZt4jPKEgO8puKpv4ZR,54,,525
697,Viva La Vida,Coldplay,2008,1CEODgTmTwLyabvwd7HBty,79,,26
698,Seven's Travels,Atmosphere,2003,5WqwEWrFx8nnS9wn8rTPse,55,,480
699,Teen Dream,Beach House,2010,5eQiIOG8XyHdfhUUhmm4hD,61,,335
700,The Firewatcher's Daughter,Brandi Carlile,2015,2FWEy5yBlj6ry5AdnbXgEi,61,,332
701,Madman Across the Water,Elton John,1971,2OZbaW9tgO62ndm375lFZr,61,,353
702,I Can Hear the Heart Beating as One,Yo La Tengo,1998,3NFNNMIWnByvVPvCf7LsRU,53,,540
703,40 Greatest Hits,Hank Williams,1978,62SqkhUnO18912vRKmOUKy,40,94,790
704,My Head is an Animal,Of Monsters and Men,2012,6uD3oJCWT1gtlSCg5lDiNF,77,,35
705,A Day at the Races,Queen,1976,0lmQ6rAGcChLjGXM52Qu3i,60,,371
706,Trouble,Ray Lamontagne,2004,2DQHgaOMVOs2OKLaksiMx9,70,,133
707,Carnavas,Silversun Pickups,2007,2Qr40p1sv6NYrf9NPehsrO,53,,534
708,Badmotorfinger,Soundgarden,1991,6xcVSvwLab2mjHMth1Aomp,56,,467
709,The Age of Adz,Sufjan Stevens,2010,5U7GN7wM8nZKYeeOoYhPjC,55,,478
710,Stars and Satellites,Trampled by Turtles,2012,3otETa3Pe9HZon4cP9xZnB,56,,459
711,Can't Buy a Thrill,Steely Dan,1972,4Gh6pRaXqXTtJx4plAJbBw,61,240,350
712,This Is a Long Drive for Someone With Nothing to Think About,Modest Mouse,1996,7BAzCcA3ri1ifFiC1TgPMx,57,,436
713,Fumbling Towards Ecstacy,Sarah McLachlan,1994,2PVFgeTAbZomjRzis55b8L,41,,772
714,I Get Wet,Andrew W.K.,2001,6BQMUDC55fjjnApdWtZYZM,54,,512
715,Fleetwood Mac,Fleetwood Mac,1975,5VIQ3VaAoRKOEpJ0fewdvo,72,182,101
716,The Sunset Tree,The Mountain Goats,2005,0Cug9j2T7MHK4k8hUEGQ43,58,,411
717,De-Loused in the Comatorium,The Mars Volta,2003,0CA2EVHhRPR5VPV78KZw89,53,,537
718,Crash,Dave Matthews Band,1996,3Z72KfamjH9Wc5m9mgVqI7,69,,163
719,Ella and Louis,Ella Fitzgerald and Louis Armstrong,1956,1rP6GkPbp6DvIW59005PnR,56,,476
720,Kate Bush,The Dreaming,1982,,,,
721,Psychocandy,The Jesus and Mary Chain,1985,2YUNV2XbvydCwHLTpBV5A0,47,269,685
722,Frank's Wild Years,Tom Waits,1987,2zIaHUyMLCtg7pxtp1ZpO7,39,,794
723,Let It Die,Feist,2004,1dukVxiix2ckr6CMs1T1zI,56,,461
724,Green Mind,Dinosaur Jr.,1991,5HiuhXPKoqX0UThOvGuTKd,46,,698
725,In Color,Cheap Trick,1977,2sXJQdHykPYcRQ7xFhwzMR,55,443,498
726,Give You the Ghost,Polica,2012,3pEcnNRihvaY27FZ183fMf,54,,504
727,Workers Playtime,Billy Bragg,1988,5IcBaAMmtxj0JJxv6o22oK,39,,793
728,Ocean Rain,Echo and the Bunnymen,1984,43jEYhOEU6eWL51lk4l3M7,36,,822
729,The Heist,Macklemore and Ryan Lewis,2013,0CoiTAUBiO70lic9p9Lboq,69,,153
730,The Execution of All Things,Rilo Kiley,2002,23EqcK0ZR1ravQaEsGpQyH,53,,538
731,Run the Jewels 2,Run the Jewels,2014,2lPYlP4eumsjz6LBG8GCbG,70,,128
732,X&Y,Coldplay,2005,4E7bV0pzG0LciBSWTszra6,82,,8
733,Running on Empty,Jackson Browne,1977,4VqLII6oqVpCj5HjwKKwX9,63,,296
734,By the Way,Red Hot Chili Peppers,2002,6deiaArbeoqp1xPEGdEKp1,79,,27
735,Joanna Newsom,Ys,2006,,,,
736,Late Registration,Kanye West,2005,5ll74bqtkcXlKE7wwkMq4g,78,118,30
737,Wolfgang Amadeus Phoenix,Phoenix,2009,6YXmQrXOjJoMheJ2IA5NqK,69,,155
738,Purple,Stone Temple Pilots,1994,2vi1ddPi3fY7vePMqxUVob,65,,243
739,Please Please Me,The Beatles,1962,3KzAvEXcqJKBF97HrXwlgf,69,39,179
740,musicforthemorningafter,Pete Yorn,2001,6gpJuWmZXAXr9L3xm5HFce,52,,564
741,Waiting for Columbus,Little Feat,1978,0n2LqNaQEOHNAaKM03yIaU,36,,824
742,Living in Clip,Ani Difranco,1997,7HQ1jx3p5iWZ1E92ZX9EmE,41,,770
743,The Heart of Saturday Night,Tom Waits,1974,7MLzdbFViVmpQdnNmxQXoE,50,339,622
744,Gold,ABBA,1992,2cKZfaz7GiGtZEeQNj1RyR,60,,361
745,Tago Mago,Can,1971,0bO4qU98i4vCpGqTElUZDQ,38,,808
746,Tourist,St. Germain,2000,0YqCvOMhp8enM01an9Nntj,61,,341
747,Black Celebration,Depeche Mode,1986,0JSOfVzxVTpyvxzXggc8rG,47,,684
748,King of America,Elvis Costello and the Attractions,1986,6zwFIyWKbdHi9mwrQcrEY1,31,,837
749,Damaged,Black Flag,1981,34aFnrFRBlErcbU6moRZR3,57,340,447
750,Dreamboat Annie,Heart,1976,2N0AgtWbCmVoNUl2GN1opH,63,,297
751,"You've Come a Long Way, Baby",Fatboy Slim,1998,7G7cCHgQKbDD6zvwDQZyJu,48,,653
752,Live at Leeds,The Who,1970,3eaxITYWOkO1e9Hjqjj80o,37,170,818
753,Only By the Night,Kings of Leon,2008,5CZR6ljD0x9fTiS4mh9wMp,80,,19
754,Twin Cinema,The New Pornographers,2005,6XB9AS3mCR2JIYbXQoKT3w,46,,693
755,25,Adele,2015,,,,
756,In Combo,The Suburbs,1980,0rIsMKey4mcCjDNgx5hHOH,17,,848
757,Social Distortion,Social Distortion,1990,46nX6hzuIb6wEia7OQ2viS,61,,346
758,Body Talk,Robyn,2010,0Rzg7fqyWE39G6wKipxrns,58,,403
759,Melophobia,Cage the Elephant,2013,4EK8gtQfdVsmDTji7gBFlz,73,,85
760,Cursive,The Ugly Organ,2003,2fDrB0hXSgArhqJZKn2OHb,48,,650
761,Yeezus,Kanye West,2013,7D2NdGvBHIavgLhmcwhluK,78,,29
762,Woodface,Crowded House,1991,1QSoW668F9DVj8Rk9azF7h,56,,468
763,Brotherhood,New Order,1986,0PSWY4XyjTWppfBb0tBtqu,60,,365
764,Costello Music,The Fratellis,2006,6R6pjR9ocMYuqSuNx5e4mg,63,,280
765,ATLiens,OutKast,1996,1IaBCF26OjgYwUCEPaIyC0,64,,269
766,Ænima,Tool,1996,,,,
767,Emperor Tomato Ketchup,Stereolab,1996,2EvCXuFV2Oduqo3cVqeU5W,43,,748
768,More Fun in the New World,X,1983,0GiCAFxVPQgud8XVATQA4Z,28,,843
769,At Budokan,Cheap Trick,1978,5ttDbNMKXczvp0Z8QRgKs6,50,426,619
770,The Kinks,"Arthur (Or, The Decline and Fall of the British Empire)",1969,,,,
771,13 Tales from Urban Bohemia,The Dandy Warhols,2000,0vdIT4p5OlKOcEzYKSsqn4,62,,314
772,Franz Ferdinand,Franz Ferdinand,2004,0mUEGMT2YlzCWGeWOJjBKD,70,,134
773,Sister,Sonic Youth,1987,4gPkBsMmufyOMCJbXUUme8,46,,700
774,Visions,Grimes,2012,48a7rOjTzpD1zzJAteeveE,64,,259
775,The Dock of the Bay,Otis Redding,1968,0kSkzG0sfuG4lRuFF5jWVr,63,161,305
776,Bachelor No. 2,Aimee Mann,2000,41Qh3WL5sMD76RZKWWGWQw,38,,799
777,Apostrophe,Frank Zappa,1974,3EbtMJsHbspjhN6Xd4plIu,47,,688
778,Electric,The Cult,1987,2Ah76CkWPKnhhuwQT8DcHQ,52,,573
779,Since I Left You,The Avalanches,2000,3GBnNRYsxBfEeMSMmTpJ25,55,,482
780,Armchair Apocrypha,Andrew Bird,2007,5GgfTAukD5GudG9CzqWNmC,50,,603
781,Reachin' (A New Refutation of Time and Space),Digable Planets,1993,5snUbps5KleLIP0cVI72lP,55,,490
782,Bloom,Beach House,2012,5k565ga9B9EJqLyCatmrt0,64,,260
783,The Lion's Roar,First Aid Kit,2012,4l74hbWS9uJmGe4npUbsR5,59,,379
784,Punk in Drublic,NOFX,1994,6Z8BYH27wINoUk4QMUx7gh,62,,316
785,Sex Machine,James Brown,1970,3CVie3TkZ0VHgT6mlwy7cp,30,,841
786,The Man Who Sold the World,David Bowie,1970,4hCuee6XJrhXfeedeoEv7r,50,,628
787,Silent Alarm,Bloc Party,2005,0urhQCsjpczjC8zbTMtd8t,62,,311
788,The Black Saint and the Sinner Lady,Charles Mingus,1963,6Sts4Yh7KsDFwq2yTWrGGV,31,,839
789,The Undisputed Truth,Brother Ali,2007,3TfzdrsORJcyaDnee2im8A,54,,507
790,Sweet Baby James,James Taylor,1970,2NEQ5Q4sBbUHVVx3Wf8TEZ,65,104,253
791,Blind Melon,Blind Melon,1993,55jET4vDioHHd7ztX7OX3h,64,,270
792,Lulu,Trip Shakespeare,1991,3vNFEKV49M20n18IVEI5BU,15,,850
793,Diva,Annie Lennox,1992,1Fn7vmvhP89UVKpGw8gXYU,54,,518
794,Favourite Worst Nightmare,Arctic Monkeys,2007,6rsQnwaoJHxXJRCDBPkBRw,69,,156
795,Prince,Batman OST,1989,,,,
796,Stadium Arcadium,Red Hot Chili Peppers,2006,7xl50xr9NDkd3i2kBbzsNZ,83,,7
797,Zaba,Glass Animals,2014,14IOe7ahxQPTwUYUQX3IFi,72,,92
798,Middle Cyclone,Neko Case,2009,3gMzehYCxYMrW6pYlcThWJ,49,,633
799,Speak for Yourself,Imogen Heap,2005,0t0Cr8jA63wlm8nWj7qfvJ,47,,675
800,Aha Shake Heartbreak,Kings of Leon,2004,45dX2VUWOryNLR0DRFNlq6,58,,412
801,Abraxas,Santana,1970,1CHUXwuge9A7L2KiA3vnR6,58,207,423
802,For the Roses,Joni Mitchell,1972,1yyPagl5Z7wE6rmJoqv8wj,43,,755
803,Something More Than Free,Jason Isbell,2015,1foB2t5YmfC6PxIC31g5Cp,62,,306
804,Mama's Gun,Erykah Badu,2000,3cADvHRdKniF9ELCn1zbGH,61,,342
805,Black Sheets of Rain,Bob Mould,1990,6X7wrpHgbgBB3u2eMBFNuN,30,,840
806,The Sophtware Slump,Grandaddy,2000,2dGiYJsAyE5RiadQiJocRq,38,,800
807,Donuts,J Dilla,2006,7lXgEecCoWkW1Lvf2jpN4y,57,,429
808,Swamp Ophelia,Indigo Girls,1994,1X0bc0O18Dj5eqh0owcw21,45,,718
809,Fontanelle,Babes in Toyland,1992,3fbPYfpyJtow8IF3ho7o09,36,,821
810,Imagine,John Lennon,1971,0xzaemKucrJpYhyl7TltAk,72,80,103
811,Prince,Prince,1979,,,,
812,Left and Leaving,The Weakerthans,2000,5EdeZ3BHIqoOghQ9ygzVCe,45,,711
813,Time (The Revelator),Gillian Welch,2001,55FP2ypQcghszSqylyBRbp,50,,608
814,Upstairs at Eric's,Yaz,1982,47FOg0GaQDPGTbBTHDXg9V,51,,596
815,Strange Days,The Doors,1967,6v5IVMmY1IvWtbfnQoiFSf,67,409,215
816,Clarity,Jimmy Eat World,1999,0JfCEzWgcuUxrAUZw5eUT4,51,,585
817,Halcyon Digest,Deerhunter,2010,1HUMjB15ARg96KIypcGzYY,58,,404
818,Drunken Lullabies,Flogging Molly,2002,7tX0mFU6VBKjBXKJRv3jc5,64,,264
819,I Against I,Bad Brains,1986,0btkVh2TIc79B4ERtH5rWt,45,,723
820,Wrecking Ball,Emmylou Harris,1995,3S2rjqCFfpvZKqGcVkHjDP,47,,679
821,Everything All The Time,Band of Horses,2006,5uMfshtC2Jwqui0NUyUYIL,71,,114
822,White Ladder,David Gray,1998,0rK8K0z9sYhEhCW51v9jrp,68,,183
823,Honky Tonk Heroes,Waylon Jennings,1973,4cxbRPxtGQgyNSCTtxoaSZ,41,,778
824,I Walk the Line,Johnny Cash,1964,2xG5VLMFnDKhjJhsiJDcGm,49,,648
825,Dear Science,TV on the Radio,2008,3bWZ33ZCvHQD3nJnPjpfk7,54,,505
826,Coming Home,Leon Bridges,2015,4svLfrPPk2npPVuI4kXPYg,73,,84
827,Soul Mining,The The,1983,65nhz1EbSruHtMqqLJrRja,40,,789
828,Girl Talk,All Day,2010,,,,
829,Rated R,Queens of the Stone Age,2000,10UBEkRjqtl0iT2BRAwcto,55,,483
830,Penthouse,Luna,1995,4zTve3KmaKstuT61AyoGjV,48,,655
831,Some Great Reward,Depeche Mode,1984,7DbpWj9i5uZ1UggeGRo1LZ,45,,726
832,Welcome Interstate Managers,Fountains of Wayne,2003,6TZp52tXShLQbq8yNMxqNT,69,,159
833,Trust,Elvis Costello and the Attractions,1981,2B6i9ZY0NF8UkESEIL0taZ,32,,834
834,Veckatimest,Grizzly Bear,2009,6FIFqclBriPCb0SjWDaHIk,68,,181
835,Up from Below,Edward Sharpe and the Magnetic Zeros,2009,4EBtalKeisyblXwox9mMXf,71,,112
836,Beauty and the Beat,The Go-Go's,1981,1L4HE00En7eNK74voVZums,35,414,827
837,Band on the Run,Paul McCartney and Wings,1973,257oomaawruFknt5wYCPDh,60,,372
838,Revival,Gillian Welch,1996,733rVkP3oBulDHJbiuRANa,44,,736
839,Give 'em Enough Rope,The Clash,1978,4NEvCc6vHcsCPviWPCCrVg,48,,664
840,Wowee Zowee,Pavement,1995,5C1ePFbSzOGHdypuNBIDZh,42,,762
841,Pornography,The Cure,1982,33TDfmEXufojT6jxgb3BTK,42,,766
842,Kerosene Hat,Cracker,1993,1pM1BsMVd8CuEpgCwbqmFO,44,,738
843,24 Hour Revenge Therapy,Jawbreaker,1994,3n1jTsW0E5gEsiftAFx3N6,45,,719
844,Throwing Copper,Live,1994,4ZsG3ifn9sIcrFT1ecw0gF,57,,438
845,Fiestas and Fiascos,Lifter Puller,2000,0qn7qQHcouAL3b4fhRnjts,27,,845
846,Veedon Fleece,Van Morrison,1974,1zvI5Kkxus94lhz0RvZWBf,47,,689
847,The Big Come Up,The Black Keys,2002,7DDMtj3GwKJ8HHBm18OdKT,62,,313
848,Ladies and Gentlemen We Are Floating Through Space,Spiritualized,1997,4GMgNPA4fMv3U0QQsdRLJk,52,,568
849,Elliott Smith,Elliott Smith,1995,4oufB2AssQXU8hHMeAYLxh,52,,571
850,New Adventures in Hi-Fi,R.E.M.,1996,3pPyHBRk2RvmNn4Cg1Asv6,37,,813
851,Permanent Waves,Rush,1980,3nUNxSh2szhmN7iifAKv5i,52,,576
852,Poses,Rufus Wainwright,2001,5CAT7o1EpDKqLjE1x5tgqU,44,,734
853,I Put a Spell On You,Nina Simone,1965,0NJwp4usn5T5PPURpwLDDD,60,,378
854,King Crimson,Discipline,1981,,,,
855,The Phosphorescent Blues,The Punch Brothers,2015,3cdqpjwuTvDeLe3RYIGb0j,63,,279
856,Teenager of the Year,Frank Black,1994,3B0p36xMaPni52tg3ErbHW,37,,815
857,I Just Can't Stop It,The English Beat,1980,08zjJfP4f6cXGxscvztbvh,46,,702
858,The Fat of the Land,The Prodigy,1997,2NkwB9shQioKcbNhPf2EbP,57,,434
859,Speakerboxxx/The Love Below,OutKast,2003,1UsmQ3bpJTyK6ygoOOjG1r,75,,65
860,Under the Big Black Sun,X,1982,0AEcm1zqgHC5rn7SGcfQNV,33,,831
861,Star,Belly,1993,2b5r3YRZYwSAeXd7aWZjWp,40,,784
862,Under the Blood Red Sky,U2,1983,5G8jrlXPszg7xC4d2cQ2pQ,39,,795
863,Stiff Little Fingers,Inflammable Material,1979,,,,
864,Things We Lost In the Fire,Low,2001,71I6DvVoUfYmszlwb6is18,37,,811
865,Hot Rats,Frank Zappa,1969,0HAdB95fMVAojYTtQ74JDc,45,,732
866,Core,Stone Temple Pilots,1992,7k1YOwYf369EX0aHeXApWp,69,,166
867,"O Brother, Where Art Thou? OST",The Soggy Bottom Boys,2000,09zqiWQP8dXBySneyk1Qqc,63,,286
868,Yes,Morphine,1995,4hjF5ylcCM1AeJ2F4SaQKL,47,,680
869,Heart Like A Wheel,Linda Ronstadt,1974,7upKDUGJUjsvfIe6vuVB0b,51,,598
870,Ace of Spades,Motorhead,1980,1RJbMR92Tp9Pv0c4vo09jb,59,,398
871,Tails,Lisa Loeb and Nine Stories,1995,6T9F35NdrGIdrMrVAwBEb7,46,,695
872,Queen II,Queen,1974,2RKEso6nin3nhRyAd36Omv,43,,754
873,Trans Europe Express,Kraftwerk,1977,0HHRIVjvBcnTepfeRVgS2f,44,256,741
874,Blind Faith,Blind Faith,1969,6xmPL0CddWADJTJkJZkrl2,48,,671
875,Smile,The Beach Boys,2011,01TG7VOg4F90jXv3a1yCgA,48,381,649
876,Give Up the Ghost,Brandi Carlile,2009,1NhFksWs1Nsz6wQI8ysTkv,53,,533
877,Little Plastic Castle,Ani Difranco,1998,22OLw13OXQvLoam3A67EbR,42,,761
878,Control,Janet Jackson,1986,7GWkceE5McMVfffd1RGL6Y,55,,495
879,The Slider,T. Rex,1972,5lL8N073N1d9ENpzM9Wtj5,47,,690
880,The Message,Grandmaster Flash and the Furious Five,1982,4dEczweFPXeLMMVD1zIdi7,45,,727
881,Nick of Time,Bonnie Raitt,1989,6wxpS5o0ty5CLqyH5fIRln,48,230,659
882,Paid in Full,Eric B. and Rakim,1987,3miZDfDnP7SmOXAJXWdFmz,53,,546
883,Space Oddity,David Bowie,1969,1ay9Z4R5ZYI2TY7WiDhNYQ,63,,301
884,Meantime,Helmet,1992,0U7asaf4jS8EORTjHEWNcJ,40,,785
885,Getz/Gilberto,Stan Getz and Joao Gilberto,1964,5ChE0g3DmQ5LGEK9cy5fwZ,34,447,829
886,Gil Scott-Heron,The Revolution Will Not Be Televised,1970,,,,
887,Cosmo's Factory,Creedence Clearwater Revival,1970,4GLxEXWI3JiRKp6H7bfTIK,67,,212
888,Gentlemen,The Afghan Whigs,1993,6GEMMxfQVeQv6asV3ulqgd,29,,842
889,I'm Your Man,Leonard Cohen,1988,3gUw30X6A7WEGcRdv1nFr9,55,,494
890,Peter Gabriel,Us,1992,,,,
891,Bandwagonesque,Teenage Fanclub,1991,4M6vPZ4hQdOeH07D0JO2JQ,40,,786
892,Hot Buttered Soul,Isaac Hayes,1969,4dpbUEDibbnNL7QrDQoooU,38,,810
893,Yield,Pearl Jam,1998,5zsDtoSrXK4usJ4MB1tCh2,59,,389